Method,answer_relevancy,faithfulness,context_recall
Hybrid,0.6078200340270996,0.414610892161727,0.48
Reranking,0.59187912940979,0.4037282743304968,0.4
HyDE,0.5804336071014404,0.44071755684912206,0.52
